card_no,slug,visible,association,cluster,cluster_title,section_no,card_order,connect_to,type,width,title,kicker,body,metric_value,metric_label,quote,caption,image_src,link_label,link_url,map_lat,map_lng,map_address,timeline_30,timeline_60,timeline_90,tags,notes
001,tw-creative-director-overview,show,trustwallet,trust-wallet-role,,0,1,,text-image-ext,320,We're looking for a Creative Director to own and evolve our brand identity.,Role description,"You'll lead our brand design team, set the creative vision, and ensure everything we put out into the world is cohesive, intentional, and distinctive. You'll work closely with marketing, product, and leadership to build a brand that reflects where we're going.",,,,,ds_trustwallet_cardimage_1.png,,,,,,,,,trust-wallet|creative-director|brand-identity|creative-vision|cohesion,Trust Wallet job offer item: role overview text card
002,tw-brand-creative-vision,show,trustwallet,trust-wallet-role,,0,2,,quote,320,Own brand creative vision,What’s the job?,,,,Own the brand creative vision and visual identity system,From the Trust Wallet role description.,t_cardimage_6.png,,,,,,,,,brand-vision|visual-identity|identity-system|trust-wallet,Trust Wallet job offer item: quote card
003,tw-brand-guidelines-standards,show,trustwallet,trust-wallet-role,,0,4,,quote,320,Lead the brand design team,What’s the job?,,,,Lead and mentor the brand design team (currently 2 designers),From the Trust Wallet role description.,t_cardimage_7.png,,,,,,,,,brand-guidelines|creative-standards|governance|quality-bar,Trust Wallet job offer item: quote card
004,tw-major-creative-projects,show,trustwallet,trust-wallet-role,,0,5,,quote,320,Drive major creative projects,What’s the job?,,,,"Drive major creative projects including campaigns, brand refreshes, and new product launches",From the Trust Wallet role description.,,,,,,,,,,campaigns|brand-refresh|launches|creative-projects,Trust Wallet job offer item: quote card
005,tw-tech-startup-context,show,trustwallet,trust-wallet-about,,0,6,,quote,320,Maintain brand standards,What’s the job?,,,,Establish and maintain brand guidelines and creative standards,From the Trust Wallet role description.,,,,,,,,,,tech-company|startup|pace|brand-quality|ambiguity,Trust Wallet job offer item: quote card
006,tw-go-to-market-creative,show,trustwallet,trust-wallet-cross-functional,,0,18,,quote,320,Partner on go-to-market creative,What’s the job?,,,,Partner with marketing on go-to-market creative,From the Trust Wallet role description.,,,,,,,,,,go-to-market|marketing|creative-direction|campaigns,Trust Wallet job offer item: quote card
007,tw-senior-leadership-presentation,show,trustwallet,trust-wallet-cross-functional,,0,17,,quote,320,Present creative strategy,What’s the job?,,,,Present creative work and strategy to senior leadership,From the Trust Wallet role description.,,,,,,,,,,presentation|strategy|leadership|creative-rationale,Trust Wallet job offer item: quote card
008,tw-agencies-freelancers,show,trustwallet,trust-wallet-cross-functional,,0,12,,quote,320,Manage external creative partners,What’s the job?,,,,Manage external agencies and freelancers when needed,From the Trust Wallet role description.,,,,,,,,,,agencies|freelancers|creative-operations|ownership,Trust Wallet job offer item: quote card
009,tw-motion-design-sensibility,show,trustwallet,trust-wallet-craft,,0,14,,quote,320,Motion design sensibility,About you,,,,"Motion design sensibility, given there is a motion designer on the team.",From the Trust Wallet role description.,,,,,,,,,,motion-design|craft|creative-direction|visual-quality,Trust Wallet job offer item: quote card
010,tw-clear-creative-communication,show,trustwallet,trust-wallet-cross-functional,,0,15,,text-image-ext,320,Clear creative communication,About you,"Strong communicator who can articulate creative decisions clearly to teams, partners, and senior stakeholders.",,,,,ds_trustwallet_cardimage_2.png,,,,,,,,,communication|creative-rationale|stakeholders|leadership,Trust Wallet job offer item
011,galacticshift-validator-35-increase-in-users-for-a-top-3-terra-classic-wallet,show,ds,ds-wallet-crypto,Wallet and crypto,2,1,001|047|048,text-image-ext,320,35% Increase in the number of users of #Top3 Wallet,GalacticShift Validator,Improvements to the interface created by developers with no design experience aimed at increasing the usability of the tool and therefore its popularity and number of users.,35% ,increase in users number,,Cryptocurrency / Blockchain,case_terraclassicwallet_01.jpg,View source case study,https://www.behance.net/gallery/242264477/Terra-Classic-Wallet-UXUI,,,,,,,Product Strategy|Product/UX/UI Design|Brand Design|Case Study|Web3|Terra Classic|Product UX|Growth,Imported from main DS 2026 row 004; case-study rows adapted to Trust Wallet DS card templates.
012,challenge-lunc-validator-operating-inside-a-live-decentralized-ecosystem,show,ds,ds-wallet-crypto,Wallet and crypto,2,2,001,text-image-ext,320,CHALLENGE LUNC Validator — Operating inside a live decentralized ecosystem,Validator Ops / Skin in the Game,"Launched and operated the CHALLENGE LUNC validator, gaining first-hand experience with staking, delegation, commissions, delegator communication, infrastructure, and monitoring realities. This gave me a practical view of validator dynamics beyond design theory.",,,,Direct operating experience inside a live decentralised ecosystem.,ds_cardimage_25.png,,,,,,,,,Operations & Finance|Trading & Automation|Public Speaking & Networking|Web3|Terra Classic|DeFi|Public Presence,Imported from main DS 2026 row 011; case-study rows adapted to Trust Wallet DS card templates.
013,tecra-space-bigbang-brand-strategy-and-product-design-for-a-crypto-exchange,show,ds,ds-wallet-crypto,Wallet and crypto,2,3,001|002|004|047|048|050,text-image-ext,320,BIGBANG - Explosive brand strategy and product design for crypto exchange,Tecra Space,"1.) Expanding the Tecra Space ecosystem with a decentralized cryptocurrency exchange that is characterized by a unique image, consistent in terms of its main theme (space). 2.) Adding a unique market for utility tokens to the Tecra Space ecosystem, where tokenized projects on the platform can be listed. 3.) Building brand strategy and designing complex yet easy to use cryptocurrency exchange platform for newcomers to enter the market. 4.) Create a.",,,,Cryptocurrency / Blockchain,case_bigbang_01.jpg,View source case study,https://www.behance.net/gallery/143483047/BIGBANG-crypto-exchange-Branding-UXUI-design,,,,,,,Product Strategy|Product/UX/UI Design|Brand Strategy|Brand Design|Case Study|Web3|Fintech|Trading|Product UX,Imported from main DS 2026 row 006; case-study rows adapted to Trust Wallet DS card templates.
014,prov-professional-validators-on-popular-pos-blockchain-networks,show,ds,ds-wallet-crypto,Wallet and crypto,2,4,001,text-image-ext,320,Professional validators on popular PoS blockchain networks,PROV,Creation of brand strategy and product design of a tool that aims to help investors choose a reliable validator.,,,,Cryptocurrency / Blockchain,case_prov_01.jpg,View source case study,,,,,,,,Product Strategy|Product/UX/UI Design|Brand Strategy|Content & Narrative|Case Study|Web3|DeFi|Trust UX|Product UX,Imported from main DS 2026 row 005; case-study rows adapted to Trust Wallet DS card templates.
015,project-uri-trading-automation-and-burn-mechanics-for-terra-classic,show,ds,ds-wallet-crypto,Wallet and crypto,2,5,047,text-image-ext,320,Project URI — Trading automation and burn mechanics for Terra Classic,Trading Automation / Tokenomics Concept,"Concept for an autonomous on-chain trading and burn engine for stablecoin deposits: take deposited stablecoins, run non-custodial parameterised market strategies, generate additional amounts of the base pair, burn a fixed share, and return the rest to depositors.",,,,"Product concept connecting trading automation, user incentives, and Terra Classic burn mechanics.",ds_cardimage_26.png,,,,,,,,,Product Strategy|Product/UX/UI Design|Content & Narrative|Trading & Automation|Web3|Terra Classic|Trading|DeFi|Product UX,Imported from main DS 2026 row 012; case-study rows adapted to Trust Wallet DS card templates.
016,terra-classic-ecosystem-website-zero-canonical-presence-to-42k-active-users,show,ds,ds-wallet-crypto,Wallet and crypto,2,6,001|002|004|006|047|048|050,text-image-ext,320,Zero canonical presence → 42k active users: launching Terra Classic’s first ecosystem website,Terra Classic (L1 Blockchain),Improving the image and digital presence of what was once one of the largest and most popular blockchains in the world but suffered the biggest fall in the history of this market.,42k,active users,,Cryptocurrency / Blockchain,case_terra-classic_01.jpg,View source case study,https://www.behance.net/gallery/242785097/Terra-Classic-Brand-strategy-website,,,,,,,Product Strategy|Product/UX/UI Design|Brand Strategy|Content & Narrative|Case Study|Web3|Terra Classic|Product UX|Growth,Imported from main DS 2026 row 002; case-study rows adapted to Trust Wallet DS card templates.
017,find-ai-ai-discovery-product-for-navigating-modern-ai-tools,show,ds,ds-ai-native,AI-native proof,11,1,009,link,320,FindAI — AI discovery product for navigating modern AI tools,AI-native product experiment,"A focused product experiment for making the fast-growing AI tool landscape easier to browse, compare, and understand. It shows how I use AI-native workflows to move from product idea to usable interface, not just static concept.",,,,Live prototype / AI tool navigation,ds_cardimage_12.png,Play FindAI game,https://findai.dawidskinder.pl,,,,,,,Product Strategy|Product/UX/UI Design|AI-native Product Creation|Prototype|AI|AI-Native|Product UX,Imported from main DS 2026 row 015; case-study rows adapted to Trust Wallet DS card templates.
018,this-website-a-live-ai-native-evidence-map-prototype-not-a-figma-concept,show,ds,ds-ai-native,AI-native proof,11,2,001|009|047,text,320,This website is the proof,Interactive evidence map,"The site demonstrates the working method directly: map the complexity, structure the evidence, connect claims to proof, and ship a polished interactive artifact instead of only describing the capability.",,,,"A live proof-of-fit artifact built as an interactive website, not only a portfolio mockup.",,,,,,,,,,Product/UX/UI Design|AI-native Product Creation|Creative Direction & Art Direction|Content & Narrative|Prototype|AI|AI-Native|Product UX|Narrative,Imported from main DS 2026 row 017; case-study rows adapted to Trust Wallet DS card templates.
019,ai-assisted-build-layer-from-idea-to-working-product-artifact-faster,show,ds,ds-ai-native,AI-native proof,11,3,009|047,text,320,AI-Assisted Build Layer — From idea to working product artifact faster,AI-assisted build layer,"I use ChatGPT Codex, Replit, Framer, and related AI tools across structuring, implementation, debugging, iteration, and handoff. The point is not to replace judgment; it is to compress the distance between strategic intent and working product artifact.",,,,,,,,,,,,,,Product Strategy|Product/UX/UI Design|AI-native Product Creation|AI|AI-Native|Prototype|Product UX,Imported from main DS 2026 row 019; case-study rows adapted to Trust Wallet DS card templates.
020,web3-cities-interactive-crypto-market-data-transformed-into-cinematic-3d-cities,show,ds,ds-ai-native,AI-native proof,11,4,004|009|047|048|050,text-image-ext,320,Web3 Cities — Interactive crypto market data transformed into cinematic 3D cities,Creative technology / market-data UX,"Web3 Cities transforms crypto market activity into explorable 3D cities. It proves I can think beyond standard dashboards and combine product logic, market data, visual systems, interaction design, and AI-assisted build execution into one coherent experience.",,,,Interactive market-data concept / Web3 creative technology,ds_cardimage_11.png,Open Web3 Cities,https://web3cities.dawidskinder.pl,,,,,,,Product Strategy|Product/UX/UI Design|AI-native Product Creation|Creative Direction & Art Direction|Prototype|Web3|AI|AI-Native|Creative Direction,Imported from main DS 2026 row 014; case-study rows adapted to Trust Wallet DS card templates.
021,ai-powered-dex-futures-bot-hyperliquid-trading-automation-prototype,show,ds,ds-ai-native,AI-native proof,11,5,048,text-image-ext,320,AI-Powered DEX Futures Bot — Hyperliquid trading automation prototype,Trading automation prototype,"A Mac desktop app concept built around Hyperliquid perpetuals, personal trading logic, and ChatGPT as an AI trader. It combines trading literacy, automation logic, risk controls, and UX thinking for high-stakes on-chain market products.",,,,AI-assisted trading product / DEX futures UX,ds_cardimage_22.png,,,,,,,,,Product Strategy|Product/UX/UI Design|AI-native Product Creation|Trading & Automation|Prototype|Web3|AI|Trading|Trading UX,Imported from main DS 2026 row 016; case-study rows adapted to Trust Wallet DS card templates.
022,ds-web3cities-link,show,ds,ds-ai-native,AI-native proof,11,9,009,link,320,Web3 Cities by Dawid Skinder,Proof surface,Code-facing proof that the work is moving beyond static files into AI-assisted build and prototype territory.,,,,,,Web3 Cities by Dawid Skinder,https://web3cities.dawidskinder.pl,,,,,,,github|prototype|build|public-proof,Outer ring link
023,stablecoin-trust-layer-explaining-yield-backing-risk-and-stress-behavior,show,ds,ds-security-risk,Security and risk,1,1,010|048,text,320,"Stablecoin Trust Layer — Explaining yield, backing, risk and stress behavior",Stablecoin and yield-bearing asset UX,"Stablecoins and yield-bearing instruments live on the front line of trust. Users need to understand where yield comes from, how stability is maintained, how risk is managed and what happens under stress. My role is to turn that mechanism into clear narrative, documentation and product surfaces that can stand up to retail, DeFi-native, institutional and regulatory scrutiny.",,,,"Risk, yield, backing and stress-state communication.",,,,,,,,,,Product Strategy|Product/UX/UI Design|Content & Narrative|Stablecoin|DeFi|Trust UX|Technical Communication,Imported from main DS 2026 row 055; case-study rows adapted to Trust Wallet DS card templates.
024,legal-compliance-aware-defi-ux,show,ds,ds-security-risk,Security and risk,1,2,010|048,text,320,Legal / Compliance-Aware DeFi UX,"DeFi, legal and compliance-aware product design","Juris Protocol pushed my work into the intersection of DeFi, lending, legal structure and compliance-sensitive communication. That kind of product has to feel modern and crypto-native, but also disciplined enough for lawyers, institutions, partners and conservative stakeholders to take seriously.",,,,Making regulated-adjacent DeFi understandable without flattening the risk.,,,,,,,,,,Product Strategy|Product/UX/UI Design|Content & Narrative|DeFi|Fintech|Trust UX|Product UX,Imported from main DS 2026 row 059; case-study rows adapted to Trust Wallet DS card templates.
025,post-collapse-communication-designing-for-credibility-after-trust-failure,show,ds,ds-security-risk,Security and risk,1,3,010,quote,320,Post-Collapse Communication — Designing for credibility after trust failure,,,,,"After a collapse, credibility is not rebuilt through hype. It is rebuilt through transparent communication, visible risk controls, consistent UX and narratives that acknowledge history while pointing to a credible future.",Terra Classic experience and post-collapse trust repair.,,,,,,,,,,Brand Strategy|Content & Narrative|Public Speaking & Networking|Terra Classic|Trust UX|Narrative|Public Presence,Imported from main DS 2026 row 056; case-study rows adapted to Trust Wallet DS card templates.
026,risk-visibility-in-trading-ux-pnl-exposure-leverage-fees-and-automation-states,show,ds,ds-security-risk,Security and risk,1,4,048,text,320,"Risk Visibility in Trading UX — PnL, exposure, leverage, fees and automation states",Trading and automation UX,"My trading automation experience gives me practical sensitivity to what traders need to see: PnL, exposure, leverage, fees, entries, exits, bot state, drawdown and downside conditions. Good trading UX does not hide complexity; it organizes it so the user can stay in control under pressure.",,,,"Risk visibility for CEX, DEX, bot and futures-facing products.",,,,,,,,,,Product Strategy|Product/UX/UI Design|Trading & Automation|Trading|Trading UX|Trust UX|Product UX,Imported from main DS 2026 row 058; case-study rows adapted to Trust Wallet DS card templates.
027,security-sensitive-design-judgment-no-casino-ux-for-serious-financial-products,show,ds,ds-security-risk,Security and risk,1,5,010|048,text,320,Security-Sensitive Design Judgment — No casino UX for serious financial products,Trust-sensitive financial UX,"For wallets, exchanges, stablecoins, lending products and trading tools, the interface cannot behave like a casino. It has to slow users down where risk matters, expose important states, make costs visible and help people understand what they are about to do before money moves.",,,,Security-sensitive product judgment for serious financial interfaces.,,,,,,,,,,Product/UX/UI Design|Creative Direction & Art Direction|Content & Narrative|Fintech|DeFi|Trust UX|Product UX,Imported from main DS 2026 row 057; case-study rows adapted to Trust Wallet DS card templates.
028,ds-terra-ui-kit,show,ds,ds-systems-craft,Systems and craft,3,1,005|048,text,320,Terra Classic UI Kit,Systems proof,Designed and released a free Figma UI kit to standardize wallet and dApp UX across the ecosystem and reduce friction for builders.,,,,,,,,,,,,,,ui-kit|design-system|ecosystem|components,Outer ring
029,ds-design-systems,show,ds,ds-systems-craft,Systems and craft,3,2,005|048,text,320,Design systems and component libraries,Systems proof,"Own design-system thinking across products: patterns, component consistency, documentation, and cross-team quality control.",,,,,,,,,,,,,,design-system|components|documentation|consistency,Outer ring
030,ds-challenge-studio,show,ds,ds-systems-craft,Systems and craft,3,3,001|003|008|049|051|052|053,text-image-ext,320,CHALLENGE Studio operating system,Leadership proof,"Built and led an award-winning branding and product/UX agency, managing cross-functional teams up to 15 and long-running product programs.",,,,,ds_cardimage_5.png,,,,,,,,,leadership|studio|operating-model|cross-functional,Outer ring
031,ds-complex-flows,show,ds,ds-systems-craft,Systems and craft,3,5,048,text,320,Complex-flow UX across Web2 and Web3,Relevant proof,"Repeatedly designed high-friction flows: onboarding, KYC, trading, staking, configuration, governance, and high-value transactions.",,,,,,,,,,,,,,complex-flows|onboarding|kyc|staking|governance,Outer ring
032,ds-product-leadership,show,ds,ds-systems-craft,Systems and craft,3,6,047,text,320,Senior but still hands-on in product,Leadership proof,"Operate across problem definition, direction-setting, UX architecture, documentation, prototype creation, and delivery rather than waiting for specs.",,,,,,,,,,,,,,product-leadership|hands-on|end-to-end|ownership,Outer ring
033,ds-dre-configurator,show,ds,ds-complex-products,Complex products,6,2,004,metric,320,DRE configurator,Complex-product proof,"Designed UX for a complex industrial configurator where clarity, high-stakes choices, and business logic had to work together.",46k,product configurations with ROI in 3 months,,Proof of structured UX for risk-heavy choices.,,,,,,,,,,configurator|complex-ux|business-logic|roi,Outer ring
034,ds-hamilton-may,show,ds,ds-complex-products,Complex products,6,3,004|051,metric,320,Hamilton May,Commercial proof,Brand and UX work improved comprehension and conversion in a high-consideration real-estate product.,+47%,"users, plus 2× leads",,Proof that clarity and craft can move growth metrics.,,,,,,,,,,growth|ux|brand|real-estate|conversion,Outer ring
035,ds-lamania,show,ds,ds-complex-products,Complex products,6,4,051,metric,320,LaMania,Commercial proof,Redesigned brand and e-commerce experience to turn stronger narrative and UX into measurable commercial impact.,+615%,online sales,,Proof that design quality can translate into revenue.,,,,,,,,,,ecommerce|growth|brand|ux|sales,Outer ring
036,ds-70-awards,show,ds,ds-complex-products,Complex products,6,5,049,metric,320,Awarded creative quality,Craft proof,"Recognition across Behance, Awwwards, CSSWinner, Adweek, and other platforms shows sustained standards rather than a single lucky project.",70+,awarded works,,External validation of visual and interaction craft.,,,,,,,,,,awards|craft|recognition|quality,Outer ring
037,ds-150-projects,show,ds,ds-complex-products,Complex products,6,8,004|049|051,metric,320,Delivery at scale,Execution proof,"The studio delivered a large volume of work across tech, fintech, Web3, and global brands without abandoning quality or accountability.",150+,projects delivered,,"Proof of repeatable execution, not isolated brilliance.",,,,,,,,,,scale|delivery|execution|agency,Outer ring
038,eth-warsaw-2025-terra-classic-blockchain-so-decentralized-it-s-out-of-this-world,show,ds,public-web3-presence-events-and-speaking,"Public Web3 Presence, Events & Speaking",7,1,004|006|007,text-image-ext,320,"ETH Warsaw 2025 — Terra Classic, blockchain so decentralized it’s out of this world","ETH Warsaw 2025 — Warsaw, September 2025","Presented the Terra Classic rebuilding story in a public Web3 conference setting. The talk reframed a post-collapse chain as a live, community-led ecosystem: core upgrades, tokenomics fixes, L2 activity, market-module overhaul, and new stablecoin ideas.",,,,"Talk: Terra Classic — Blockchain so decentralized, it’s out of this world.",ds_cardimage_2.png,,,,,,,,,Brand Strategy|Content & Narrative|Public Speaking & Networking|Public Speaking|Web3|Terra Classic|Public Presence,Imported from main DS 2026 row 070; case-study rows adapted to Trust Wallet DS card templates.
039,interchain-summit-2025-web3-media-marketing-discussion-panel,show,ds,public-web3-presence-events-and-speaking,"Public Web3 Presence, Events & Speaking",7,2,004|006|007,text-image-ext,320,InterChain Summit 2025 — Web3 Media / Marketing discussion panel,"InterChain Summit 2025 — Berlin, June 2025","Joined a Web3 Media / Marketing discussion panel in a cross-chain ecosystem context. Represented Terra Classic and Juris Protocol through product, narrative, DeFi, and ecosystem conversations with builders, investors, and Web3 operators.",,,,Panel: Web3 Media / Marketing.,ds_cardimage_3.png,,,,,,,,,Content & Narrative|Sales & Client Management|Public Speaking & Networking|Public Speaking|Web3|Public Presence|Narrative,Imported from main DS 2026 row 071; case-study rows adapted to Trust Wallet DS card templates.
040,art-vs-ai-digital-ars-discussion-panel-on-ai-experience,show,ds,public-web3-presence-events-and-speaking,"Public Web3 Presence, Events & Speaking",7,3,007|009,text-image-ext,320,Art vs AI: Digital Ars — Discussion panel on AI experience,"Digital Ars / Thursday Gathering #195 — Warsaw, June 2024","Joined the “Art vs AI: Digital Ars” discussion panel during the Digital Shapers & Ars: The AI Experience event organized by CampusAI Poland, Venture Café Warsaw Foundation, and Fundacja Digital Poland.",,,,Panel: Art vs AI — the role of AI in contemporary creative work.,ds_cardimage_1.png,,,,,,,,,AI-native Product Creation|Content & Narrative|Public Speaking & Networking|Public Speaking|AI|AI-Native|Public Presence,Imported from main DS 2026 row 072; case-study rows adapted to Trust Wallet DS card templates.
041,design-hive-2-to-brand-or-not-to-brand,show,ds,public-web3-presence-events-and-speaking,"Public Web3 Presence, Events & Speaking",7,4,004|006|007|009,text-image-ext,320,Design Hive #2 — To brand or not to brand,"Design Hive #2 — Katowice, September 2024","Spoke about using AI tools in branding processes — not as decoration or shortcut, but as a practical layer for exploration, positioning, visual direction, and faster strategic iteration.",,,,Talk: To brand or not to brand.,ds_cardimage_18.png,,,,,,,,,AI-native Product Creation|Brand Strategy|Training & Facilitation|Public Speaking & Networking|Public Speaking|AI|Brand System|Public Presence,Imported from main DS 2026 row 073; case-study rows adapted to Trust Wallet DS card templates.
042,remote-from-poland-globally-available-for-web3-events-and-strategic-work,show,ds,practical-fit-for-tech-fintech-and-web3-decision-makers,"Practical Fit for Tech, Fintech & Web3 Decision-Makers",8,4,001|051,map,320,"Remote from Poland, globally available for Web3 events and strategic work",,,,,,"Based in Poland, operating in a practical EU timezone, and comfortable travelling for conferences, workshops, partner conversations and ecosystem-facing work.",,,,50.4459,18.8619,"Tarnowskie Góry / Katowice area, Poland",,,,Sales & Client Management|Public Speaking & Networking|Web3|Public Presence|CTA,Imported from main DS 2026 row 123; case-study rows adapted to Trust Wallet DS card templates.
043,available-for-full-time-leadership-or-fractional-brand-ux-product-roles,show,ds,practical-fit-for-tech-fintech-and-web3-decision-makers,"Practical Fit for Tech, Fintech & Web3 Decision-Makers",8,1,047|051,badge,185,Available for full-time leadership or fractional Brand / UX / Product roles,,"Available as Head of Design, Design Lead (Brand / Product / UX), Head of Product Design, Head of Brand Design, or fractional Brand / UX / Product partner — depending on where the team needs ownership.",,,,"Best for teams that need senior direction, hands-on execution, and clear ownership across brand, product and narrative.",,,,,,,,,,Design Leadership & Operating Model|Product Strategy|Brand Strategy|CTA|Leadership|Web3|Fintech,Imported from main DS 2026 row 120; case-study rows adapted to Trust Wallet DS card templates.
044,best-fit-wallets-exchanges-defi-stablecoins-infra-and-ecosystem-teams,show,ds,practical-fit-for-tech-fintech-and-web3-decision-makers,"Practical Fit for Tech, Fintech & Web3 Decision-Makers",8,2,001|047,badge,185,"Best fit: Wallets, exchanges, DeFi, stablecoins, infra and ecosystem teams",,"Ideal fit: wallets, exchanges, trading tools, DeFi protocols, stablecoins, RWAs, Web3 infrastructure, and L1 / L2 ecosystems where trust, clarity, onboarding and adoption matter.",,,,"Strongest match where the product is technically serious but needs clearer UX, stronger narrative and a more coherent market-facing system.",,,,,,,,,,Product Strategy|Product/UX/UI Design|Content & Narrative|Web3|DeFi|Stablecoin|Trust UX,Imported from main DS 2026 row 121; case-study rows adapted to Trust Wallet DS card templates.
045,useful-quickly-in-founder-led-lean-and-high-complexity-teams,show,ds,practical-fit-for-tech-fintech-and-web3-decision-makers,"Practical Fit for Tech, Fintech & Web3 Decision-Makers",8,3,047|051,badge,185,"Useful quickly in founder-led, lean and high-complexity teams",,"I am most useful where one senior operator must bridge product definition, UX, brand, documentation, deck work, launch copy, AI-native prototyping and team direction without losing strategic coherence.",,,,"Built for teams that need leverage now, not another narrow production silo.",,,,,,,,,,Design Leadership & Operating Model|Product Strategy|AI-native Product Creation|CTA|Leadership|AI-Native|Product UX,Imported from main DS 2026 row 122; case-study rows adapted to Trust Wallet DS card templates.
046,30-60-90-contribution-hypothesis,show,ds,practical-fit-for-tech-fintech-and-web3-decision-makers,"Practical Fit for Tech, Fintech & Web3 Decision-Makers",8,5,001|047|052,timeline,1008,First 30 / 60 / 90 days,,,,,,,,,,,,,"listen, audit, and understand | Meet marketing, product, design, leadership, support, and security/compliance if relevant | Understand the biggest creative pain points | Audit website, app-adjacent surfaces, campaigns, social, launch assets, product pages, guidelines, and internal workflow",define the creative operating system | Brand architecture | Visual principles | Messaging hierarchy | Design standards | Critique cadence | Launch template | Agency/freelancer process | Clear priorities for the team,"ship visible improvements | Put at least one meaningful creative system improvement in market | Put one launch, campaign, or product narrative improvement in market | Create momentum quickly while building foundations that scale",Design Leadership & Operating Model|Product Strategy|Content & Narrative|CTA|Leadership|Product UX|Narrative,Trust Wallet-specific 30/60/90 copy preserved while moving into the expanded Practical Fit cluster.
047,tw-strategy-and-execution,show,trustwallet,trust-wallet-about,,0,10,,text,320,Strategic and executional range,About you,Comfortable operating at both the strategic and executional level.,,,,,,,,,,,,,,strategy|execution|hands-on|creative-leadership,Trust Wallet job offer item
048,tw-product-design-org,show,trustwallet,trust-wallet-cross-functional,,0,13,,text,320,Works with product design orgs,About you,Experience working alongside or within a product design organization.,,,,,,,,,,,,,,product-design-org|cross-functional|brand-product|collaboration,Trust Wallet job offer item
049,tw-eight-years-brand-design,show,trustwallet,trust-wallet-about,,0,7,,text,320,"8+ years in brand, creative or design roles",About you,"Eight or more years in brand, creative, or design roles.",,,,,,,,,,,,,,brand-experience|creative-experience|design-leadership|seniority,Trust Wallet job offer item
050,tw-strong-brand-portfolio,show,trustwallet,trust-wallet-about,,0,11,,text-image-ext,320,Strong brand identity portfolio,About you,"Strong portfolio showing brand identity, visual systems, and creative direction.",,,,,ds_trustwallet_cardimage_3.png,,,,,,,,,portfolio|brand-identity|visual-systems|creative-direction,Trust Wallet job offer item
051,tw-agency-and-in-house-background,show,trustwallet,trust-wallet-about,,0,8,,text-image-ext,320,Agency and in-house background,Preferred background,Background in both agency and in-house environments preferred.,,,,,ds_trustwallet_cardimage_5.png,,,,,,,,,agency|in-house|brand-systems|delivery-context,Trust Wallet job offer item
052,tw-lead-brand-design-team,show,trustwallet,trust-wallet-leadership,,0,3,,text,320,Lead and mentor the brand design team,What’s the job?,"Lead and mentor the brand design team, currently two designers.",,,,,,,,,,,,,,team-leadership|mentorship|brand-design-team|creative-direction,Trust Wallet job offer item
053,tw-managing-creative-teams,show,trustwallet,trust-wallet-leadership,,0,9,,text-image-ext,320,Experience managing creative teams,About you,Experience managing designers or creative teams.,,,,,ds_trustwallet_cardimage_4.png,,,,,,,,,management|designers|creative-teams|leadership,Trust Wallet job offer item
054,tw-hidden-spare-role-slot,hide,trustwallet,trust-wallet-hidden,,0,16,,text,320,Hidden Trust Wallet spare slot,Hidden,Hidden spare row kept only to preserve stable CSV numbering after replacing the previous role-card set with 17 Trust Wallet cards.,,,,,,,,,,,,,,hidden|trust-wallet|spare-slot,Hidden spare row; not rendered as a Trust Wallet card.
055,terra-classic-four-years-after-state-of-the-chain-report-2022-2026,show,ds,ds-wallet-crypto,Wallet and crypto,2,8,004|006|007|010,text-image-ext,320,Terra Classic Four Years After — State of the Chain Report 2022–2026,Strategic Writing / Ecosystem Analysis,"A large-scale, evidence-structured strategic analysis built to assess Terra Classic seriously rather than emotionally. The report synthesises governance, security, infrastructure, validator realities, treasury logic, adoption, operational risk, and investor-facing implications into one coherent narrative.",,,,Decision-grade communication for a politically complex Web3 ecosystem.,ds_cardimage_14.png,Check the report,https://www.terra-classic.money,,,,,,,Product Strategy|Content & Narrative|Public Speaking & Networking|Report|Web3|Terra Classic|Narrative|Technical Communication,Imported from main DS 2026 row 009; case-study rows adapted to Trust Wallet DS card templates.
056,ds-terra-classic-state-report,show,ds,ds-core-strong-horizontals,Strong horizontals,5,7,007|010,text,320,Terra Classic Four Years After report,Flagship highlight,"Large-scale evidence-structured ecosystem analysis covering protocol health, governance, treasury, adoption, legal risk, and strategic position.",,,,,,,,,,,,,,terra-classic|report|research|governance|technical-communication|risk,CV Flagship Highlights
057,ds-design-leadership-operating-model,show,ds,ds-core-deep-mastery,Deep vertical mastery,4,1,001|003|005|047|049|052|053,text,320,Design leadership and operating model,Core mastery,"Built hiring loops, onboarding, mentorship cadence, critique rituals, quality standards, component governance, and cross-team consistency.",,,,,,,,,,,,,,design-leadership|operating-model|design-ops|quality-standards|team-systems,CV Core Capabilities & Domains: Deep vertical
058,ds-brand-strategy-architecture,show,ds,ds-core-deep-mastery,Deep vertical mastery,4,2,001|002|049|050,text,320,Brand strategy and architecture,Core mastery,"Positioning, narrative framing, naming, and ecosystem-level brand systems for L1/L2 and multi-product environments.",,,,,,,,,,,,,,brand-strategy|architecture|positioning|ecosystem-brand|narrative,CV Core Capabilities & Domains: Deep vertical
059,ds-product-strategy,show,ds,ds-core-deep-mastery,Deep vertical mastery,4,3,047|048,text,320,Product strategy,Core mastery,"Translate business and tokenomics goals into product features and UX, then prioritize first versions and next iterations.",,,,,,,,,,,,,,product-strategy|tokenomics|prioritization|features|ux,CV Core Capabilities & Domains: Deep vertical
060,ds-product-ux-ui-design,show,ds,ds-core-deep-mastery,Deep vertical mastery,4,4,047|048,text,320,"Product, UX and UI design for digital products",Core mastery,"Complex flows, design systems, component libraries, web, app, dashboards, responsive design, onboarding, trading, staking, and configuration UX.",,,,,,,,,,,,,,product-design|ux|ui|complex-flows|dashboards|responsive-design,CV Core Capabilities & Domains: Deep vertical
061,ds-ai-native-product-creation,show,ds,ds-core-deep-mastery,Deep vertical mastery,4,7,009,text,320,AI-native product creation,Core mastery,"Use AI across concept development, product thinking, content, prototyping, documentation, web/app experiments, and selected builds.",,,,,,,,,,,,,,ai-native|prototyping|documentation|experimentation|build,CV Core Capabilities & Domains: Deep vertical
062,ds-creative-direction-art-direction,show,ds,ds-core-deep-mastery,Deep vertical mastery,4,6,001|002|009|049|050,text,320,Creative direction and art direction,Core mastery,"Visual language, motion direction, photography and 3D mood, and coherent execution across touchpoints, vendors, and teams.",,,,,,,,,,,,,,creative-direction|art-direction|visual-language|motion|quality,CV Core Capabilities & Domains: Deep vertical
063,ds-content-narrative,show,ds,ds-core-strong-horizontals,Strong horizontals,5,1,006|007|010,text,320,Content and narrative,Strong horizontal,"Technical communication, product explanation, strategic writing, documentation, reports, decks, UX content, and narrative logic.",,,,,,,,,,,,,,content|narrative|technical-writing|documentation|ux-copy,CV Core Capabilities & Domains: Strong horizontals
064,ds-sales-client-management,show,ds,ds-core-strong-horizontals,Strong horizontals,5,2,008|051|053,text,320,Sales and client management,Strong horizontal,"10+ years closing and delivering B2B design engagements with practical understanding of procurement, expectations, and client-side risk.",,,,,,,,,,,,,,sales|client-management|b2b|delivery|risk,CV Core Capabilities & Domains: Strong horizontals
065,ds-operations-finance,show,ds,ds-core-strong-horizontals,Strong horizontals,5,3,008|051|053,text,320,Operations and finance,Strong horizontal,"Budgeting, invoicing, cash-flow planning, ROI thinking, and cost-benefit trade-off judgment from running a studio.",,,,,,,,,,,,,,operations|finance|roi|budgeting|studio-management,CV Core Capabilities & Domains: Strong horizontals
066,ds-trading-automation-capability,show,ds,ds-core-strong-horizontals,Strong horizontals,5,4,047,text,320,Trading and automation,Strong horizontal,"Trader and automated strategy user/builder experience with trader psychology, execution logic, transparency, and risk controls.",,,,,,,,,,,,,,trading|automation|risk-controls|trader-ux|hyperliquid,CV Core Capabilities & Domains: Strong horizontals
067,ds-training-facilitation,show,ds,ds-core-strong-horizontals,Strong horizontals,5,5,003|052,text,320,Training and facilitation,Strong horizontal,"Designed and led workshops for branding, UX, product discovery, ecosystem work, and public AI/design sessions.",,,,,,,,,,,,,,training|facilitation|workshops|product-discovery|brand-discovery,CV Core Capabilities & Domains: Strong horizontals
068,ds-public-speaking-networking,show,ds,ds-core-strong-horizontals,Strong horizontals,5,6,007|010,text,320,Public speaking and networking,Strong horizontal,"Comfortable on stage, in panels, and in Web3 ecosystems through TOKEN2049, Interchain Summit, ETH Warsaw, and other events.",,,,,,,,,,,,,,public-speaking|networking|events|web3-community|communication,CV Core Capabilities & Domains: Strong horizontals
069,ds-award-token2049-origins,show,ds,ds-awards-recognition,Awards and recognition,10,1,009|049|050,metric,320,TOKEN2049 Origins Hackathon,,,2nd,place in AlphaTON challenge,,Awards & Recognition,,,,,,,,,,award|token2049|alphaton|hackathon|web3,CV IX. Awards & Recognition
070,ds-award-digital-ars,show,ds,ds-awards-recognition,Awards and recognition,10,2,009|049|050,metric,320,Digital Ars 2023/24,,,3rd,place in No Code category for PANiRAMA,,Awards & Recognition,,,,,,,,,,award|digital-ars|no-code|ai|prototype,CV IX. Awards & Recognition
071,ds-award-behance,show,ds,ds-awards-recognition,Awards and recognition,10,3,049|050,metric,320,Behance curated galleries,,,24x,featured in curated galleries,,Awards & Recognition,,,,,,,,,,award|behance|creative-quality|portfolio,CV IX. Awards & Recognition
072,ds-award-csswinner-cssreel,show,ds,ds-awards-recognition,Awards and recognition,10,4,049,metric,320,CSSWinner / CSSReel,,,29x,website of the day,,Awards & Recognition,,,,,,,,,,award|csswinner|cssreel|web-design|ui-craft,CV IX. Awards & Recognition
073,ds-award-awwwards,show,ds,ds-awards-recognition,Awards and recognition,10,5,049,metric,320,Awwwards,,,13x,honorable mention,,Awards & Recognition,,,,,,,,,,award|awwwards|web-design|ui-craft,CV IX. Awards & Recognition
074,ds-award-fromupnorth,show,ds,ds-awards-recognition,Awards and recognition,10,6,049,metric,320,FromUpNorth,,,5x,featured,,Awards & Recognition,,,,,,,,,,award|fromupnorth|visual-design|creative-quality,CV IX. Awards & Recognition
075,ds-award-adweek,show,ds,ds-awards-recognition,Awards and recognition,10,7,049,metric,320,Adweek talent gallery,,,2x,featured in talent gallery,,Awards & Recognition,,,,,,,,,,award|adweek|creative-quality|talent-gallery,CV IX. Awards & Recognition
076,ds-award-packaging-of-the-world,show,ds,ds-awards-recognition,Awards and recognition,10,8,049,metric,320,Packaging Of The World,,,2x,featured in packaging gallery,,Awards & Recognition,,,,,,,,,,award|packaging|visual-design|brand-design,CV IX. Awards & Recognition
077,ds-award-repl,show,ds,ds-awards-recognition,Awards and recognition,10,9,049,metric,320,RE:PL Polish rebranding competition,,,Top 10,Polish rebranding of the year 2017,,Awards & Recognition,,,,,,,,,,award|rebranding|brand-strategy|visual-design,CV IX. Awards & Recognition
078,ds-award-token-big,show,ds,ds-awards-recognition,Awards and recognition,10,10,,big-image,664,,,,,,,TOKEN2049 Origins Hackathon Certificate,ds_cardimage_big_1.png,,,,,,,,,,
079,ds-findai-link,show,ds,ds-ai-native,AI-native proof,11,8,009,link,320,FindAI by Dawid Skinder,Proof surface,Code-facing proof that the work is moving beyond static files into AI-assisted build and prototype territory.,,,,,,FindAI by Dawid Skinder,https://findai.dawidskinder.pl,,,,,,,github|prototype|build|public-proof,Outer ring link
080,ds-terraclassic-link,hide,ds,ds-wallet-crypto,Wallet and crypto,2,9,,link,320,BigBang CEX designed from scratch,Relevant proof,"Designed onboarding, KYC, trading flows, and order-book UX from zero prior CEX experience while learning wallet and trading mechanics in depth.",,,,,,Terra Classic Case Study,https://www.behance.net/gallery/242785097/Terra-Classic-Brand-strategy-website,,,,,,,cex|trading|kyc|onboarding|wallet-mechanics,Hidden after importing stronger main-site Web3 proof cards; duplicate BigBang link no longer needed.
081,ds-bigbang-cex-link,hide,ds,ds-wallet-crypto,Wallet and crypto,2,10,,link,320,BigBang CEX designed from scratch,Relevant proof,"Designed onboarding, KYC, trading flows, and order-book UX from zero prior CEX experience while learning wallet and trading mechanics in depth.",,,,,,BigBang CEX Case Study,https://www.behance.net/gallery/143483047/BIGBANG-crypto-exchange-Branding-UXUI-design,,,,,,,cex|trading|kyc|onboarding|wallet-mechanics,Hidden after importing stronger main-site Web3 proof cards; duplicate BigBang link no longer needed.
082,institutional-grade-communication-without-killing-crypto-native-energy,show,ds,ds-security-risk,Security and risk,1,6,001|010,quote,320,Institutional-Grade Communication Without Killing Crypto-Native Energy,,,,,"The job is not to sterilize Web3 until it sounds like banking. The job is to translate crypto-native energy into a professional, defensible product narrative that institutions can trust without losing the community.","Tone principle for Web3, fintech and institutional-facing products.",,,,,,,,,,Brand Strategy|Content & Narrative|Public Speaking & Networking|Web3|Narrative|Trust UX|Public Presence,Imported from main DS 2026 row 060; case-study rows adapted to Trust Wallet DS card templates.
083,ds-complexproduct-big,show,ds,ds-complex-products,Complex products,6,1,,big-image,664,,,,,,,TOKEN2049 Origins Hackathon Certificate,ds_cardimage_big_2.png,,,,,,,,,,
084,panirama-ai-no-code-experiment-recognized-by-digital-ars,show,ds,ds-ai-native,AI-native proof,11,6,004|009|050,text-image-ext,320,PANiRAMA — AI / no-code experiment recognized by Digital Ars,AI / no-code recognition,"PANiRAMA is an AI and no-code experiment that extended my work beyond classic design output into interactive creation. Its recognition in the Digital Ars context supports the same pattern: using AI to produce working, memorable artifacts, not just visuals.",,,,3rd place in No Code category / Digital Ars context,ds_cardimage_23.png,,,,,,,,,Product Strategy|AI-native Product Creation|Creative Direction & Art Direction|AI|AI-Native|Prototype|Award,Imported from main DS 2026 row 021; case-study rows adapted to Trust Wallet DS card templates.
085,puya-e-web3-founder-perspective-on-strategic-brand-work,show,ds,testimonials-and-human-proof,Testimonials & Human Proof,12,2,002|049|050,testimonial,664,Puya E.,"CEO, Juris Protocol",,,,"We saw CHALLENGE Studio’s previous results and professionalism. Dawid (CEO) is a pro in his field and treats projects and clients’ needs very seriously. They were reasonable within our budget, and we felt they really thought about our project. It didn’t feel like we were just another client; They truly identified with the brand he created for us.",,ds_cardimage_testimonial_6.png,,,,,,,,,Product Strategy|Brand Strategy|Sales & Client Management|Testimonial|Web3|DeFi|Brand System,Imported from main DS 2026 row 114; case-study rows adapted to Trust Wallet DS card templates.
086,iwo-pietak-trust-sensitive-products-wallets-exchanges-defi-and-stablecoins,show,ds,testimonials-and-human-proof,Testimonials & Human Proof,12,3,001|010|048,testimonial,664,Iwo Piętak,"CEO and Co-Founder, theVelopers.eu",,,,"I’d strongly recommend Dawid to any team building wallets, exchanges, DeFi products, stablecoin systems, or other trust-sensitive digital asset products. He brings a rare mix of product thinking, UX discipline, and real understanding of how to design for high-stakes environments.",,ds_cardimage_testimonial_5.png,,,,,,,,,Product Strategy|Product/UX/UI Design|Trading & Automation|Testimonial|Web3|DeFi|Trust UX,Imported from main DS 2026 row 115; case-study rows adapted to Trust Wallet DS card templates.
087,wojciech-kaczmarek-professionalism-quality-and-mistake-prevention,show,ds,testimonials-and-human-proof,Testimonials & Human Proof,12,4,003|005|008|010|049|051|052|053,testimonial,664,Wojciech Kaczmarek,Managing Director at SMSAPI / LINK Mobility,,,,"I have been working with Dawid for over five years. In addition to their excellent design skills and an excellent knowledge of contemporary trends, he offers a level of professionalism that is hard to find among people in this demanding industry. He met every challenge, despite the very wide scope of projects, ensured the highest quality in each of them and did not allow us to make mistakes.",,ds_cardimage_testimonial_4.png,,,,,,,,,Design Leadership & Operating Model|Product Strategy|Sales & Client Management|Testimonial|Leadership|Commercial Impact,Imported from main DS 2026 row 116; case-study rows adapted to Trust Wallet DS card templates.
088,filip-pietrek-open-communication-and-understanding-business-goals,show,ds,testimonials-and-human-proof,Testimonials & Human Proof,12,6,006|007|008|010|051,testimonial,664,Filip Pietrek,"Marketing Manager, Hamilton May",,,,"I was most impressed with the quality of the outcome and the knowledge transfer process. Dawid was very professional. He didn’t just rely on our initial brief to guide the project. Instead, he took the time to understand our business goals and maintain an open line of communication, which resulted in great designs and a fantastic outcome.",,ds_cardimage_testimonial_1.png,,,,,,,,,Product Strategy|Product/UX/UI Design|Sales & Client Management|Testimonial|Growth|Product UX,Imported from main DS 2026 row 118; case-study rows adapted to Trust Wallet DS card templates.
089,maciej-liwi-ski-creative-work-that-avoided-clich-s,show,ds,testimonials-and-human-proof,Testimonials & Human Proof,12,7,002|050,testimonial,664,Maciek Śliwiński,"PR & Branding Specialist, Rage Quit Games",,,,The most impressive thing about working with Dawid was the ease with which he was able to find its way in the complicated world of games and they present such creatives that met our expectations and at the same time were not cliché.,,ds_cardimage_testimonial_2.png,,,,,,,,,Brand Design|Creative Direction & Art Direction|Testimonial|Gaming|Creative Direction,Imported from main DS 2026 row 119; case-study rows adapted to Trust Wallet DS card templates.
090,lo-c-bellez-ai-native-collaborator-at-token2049-origins-hackathon,show,ds,testimonials-and-human-proof,Testimonials & Human Proof,12,1,007|009|010|047,testimonial,664,Loïc Bellez,"CEO, wispr",,,,"I had the chance to work with Dawid during TOKEN2049 in Singapore, where we built together in the Origins Hackathon and finished 2nd. What stood out to me was how naturally he operates in an AI-native way. Many people say they use AI, but Dawid actually uses it as part of how he thinks, explores, prototypes, and moves ideas toward something real.",,ds_cardimage_testimonial_7.png,,,,,,,,,Product Strategy|AI-native Product Creation|Public Speaking & Networking|Testimonial|AI-Native|Web3|Public Presence,Imported from main DS 2026 row 099; case-study rows adapted to Trust Wallet DS card templates.
091,b-a-ej-pa-dzior-mentorship-direction-and-team-growth,show,ds,testimonials-and-human-proof,Testimonials & Human Proof,12,5,003|005|008|049|051|052|053,testimonial,664,Błażej Paździor,Lead UX/UI Designer,,,,"Dawid is an excellent mentor and team leader. He has a genuine ability to share knowledge, motivate people, and push the team toward better, more effective work. He set clear direction without micromanaging, gave constructive feedback that actually moved projects forward, and created space for each team member to grow. Under his lead, our small team consistently delivered quality work across multiple client projects, often under tight deadlines.",,ds_cardimage_testimonial_3.png,,,,,,,,,Design Leadership & Operating Model|Creative Direction & Art Direction|Training & Facilitation|Testimonial|Leadership|Creative Direction,Imported from main DS 2026 row 117; case-study rows adapted to Trust Wallet DS card templates.
092,till-ziegler-testimonial,show,ds,testimonials-and-human-proof,Testimonials & Human Proof,12,8,001|007|010|048|050,testimonial,664,Till Ziegler,"CTO & Blockchain Dev, Juris Protocol",,,,"I worked with Dawid through Juris Protocol and also alongside him in the Terra Classic community, where both product clarity and technical credibility matter a lot.

What stands out about Dawid is that he does not approach Web3 as a surface-level designer. He makes a serious effort to understand the system underneath: the protocol logic, user flows, risk points, governance context, and the technical constraints that shape what can actually be built. That makes him much more useful to technical teams than a typical brand or UX person.",,ds_cardimage_testimonial_8.png,,,,,,,,,Product Strategy|Brand Strategy|Sales & Client Management|Testimonial|Web3|DeFi|Brand System,Imported from main DS 2026 row 128; case-study rows adapted to Trust Wallet DS card templates.
132,maciej-mucha-grounded-creative-art-direction-team-proof,show,ds,testimonials-and-human-proof,Testimonials & Human Proof,12,9,003|005|008|010|049|050|051|052|053,testimonial,664,Maciej Mucha,Senior Product / UX / UI Designer,,,,"Man with both feet on the ground, always. He is very energetic with positive impact on colleagues. We did many projects together and Dawid made himself known as helpful and creative guy. Great Art Direction skills including many years of experience in design industry made our projects easier and very well targeted. He listens requirements very carefully and is always on the right track with innovative solutions. Good team-mate in overall.",,ds_cardimage_testimonial_9.png,,,,,,,,,Design Leadership & Operating Model|Product/UX/UI Design|Creative Direction & Art Direction|Testimonial|Leadership|Creative Direction|Product UX,Added 2026-05-18 from owner-provided Maciej Mucha testimonial.
093,silesia-design-meetup-importance-of-key-visual-design-in-branding-and-ux-ui,show,ds,public-web3-presence-events-and-speaking,"Public Web3 Presence, Events & Speaking",7,5,004|006|009,text-image-ext,320,Silesia Design Meetup — Importance of Key Visual design in branding and UX/UI,"Silesia Design Meetup — Gliwice, September 2021","Presented the role of Key Visual design in branding and UX/UI processes: how a strong visual idea can align brand expression, interface direction, campaign language, and product memorability.",,,,Talk: Importance of Key Visual design in branding and UX/UI processes.,ds_cardimage_19.png,,,,,,,,,Brand Design|Creative Direction & Art Direction|Training & Facilitation|Public Speaking & Networking|Public Speaking|Brand System|Creative Direction|Public Presence,Imported from main DS 2026 row 074; case-study rows adapted to Trust Wallet DS card templates.
094,ux-makers-3-ux-well-packaged-how-to-experience-branding,show,ds,public-web3-presence-events-and-speaking,"Public Web3 Presence, Events & Speaking",7,6,007|010,text-image-ext,320,UX Makers #3 — UX well packaged: how to experience branding,"UX Makers #3 — Katowice, March 2018","Spoke about branding as an experience layer inside UX, not just a surface identity. The talk connected packaging, perception, interaction, and digital product clarity.",,,,Talk: UX well packaged — how to experience branding.,ds_cardimage_20.png,,,,,,,,,Product/UX/UI Design|Brand Strategy|Training & Facilitation|Public Speaking & Networking|Public Speaking|Product UX|Brand System|Public Presence,Imported from main DS 2026 row 075; case-study rows adapted to Trust Wallet DS card templates.
095,g-spot-marketing-2-logo-fu-k-up-how-to-avoid-crucial-mistakes-in-visual-identifi,show,ds,public-web3-presence-events-and-speaking,"Public Web3 Presence, Events & Speaking",7,7,005,text,320,G-Spot Marketing #2 — Logo fu*k up: how to avoid crucial mistakes in visual identification,"G-Spot Marketing #2 — Gliwice, March 2017","Delivered a direct talk about how to avoid crucial mistakes in visual identification. The session focused on brand craft, logo logic, consistency, and the business cost of weak identity decisions.",,,,Talk: Logo fu*k up — how to avoid crucial mistakes in visual identification.,,,,,,,,,,Brand Design|Creative Direction & Art Direction|Training & Facilitation|Public Speaking & Networking|Public Speaking|Brand System|Creative Direction|Public Presence,Imported from main DS 2026 row 076; case-study rows adapted to Trust Wallet DS card templates.
096,x-spaces-and-community-calls-explaining-product-direction-in-public,show,ds,public-web3-presence-events-and-speaking,"Public Web3 Presence, Events & Speaking",7,8,006|007|010,text,320,X Spaces and Community Calls — Explaining product direction in public,,"I use public community formats to explain product direction, test narratives, listen to objections, and sharpen positioning in real time. In Web3, communication is not separate from product adoption — it is part of the operating layer.",,,,"Public communication across X Spaces, ecosystem calls, community discussions, and founder / builder conversations.",,,,,,,,,,Content & Narrative|Public Speaking & Networking|Public Speaking|Web3|Narrative|Public Presence,Imported from main DS 2026 row 077; case-study rows adapted to Trust Wallet DS card templates.
097,global-web3-mobility-comfortable-where-product-narrative-and-visibility-overlap,show,ds,public-web3-presence-events-and-speaking,"Public Web3 Presence, Events & Speaking",7,9,006|007,badge,185,"Global Web3 Mobility — Comfortable where product, narrative and visibility overlap",,"Comfortable representing products and ecosystems in live environments where product clarity, narrative, trust, and presence matter.",,,,"Useful for conferences, panels, partner conversations, workshops, and ecosystem-facing roles.",,,,,,,,,,Sales & Client Management|Public Speaking & Networking|Web3|Public Presence|Leadership,Imported from main DS 2026 row 078; case-study rows adapted to Trust Wallet DS card templates.
098,public-contributor-not-portfolio-tourist,show,ds,public-web3-presence-events-and-speaking,"Public Web3 Presence, Events & Speaking",7,10,006|007,quote,320,"Public Contributor, Not Portfolio Tourist",,,,,"I do not just attend Web3 events. I represent products, test narratives, debate with builders, gather feedback, and turn live conversations into clearer positioning.",Public-facing operating principle.,,,,,,,,,,Product Strategy|Brand Strategy|Public Speaking & Networking|Web3|Public Presence|Leadership|Narrative,Imported from main DS 2026 row 079; case-study rows adapted to Trust Wallet DS card templates.
099,ideal-engagement-launch-clarify-reposition-redesign-explain-prototype,show,ds,practical-fit-for-tech-fintech-and-web3-decision-makers,"Practical Fit for Tech, Fintech & Web3 Decision-Makers",8,6,001|047,text,320,"Ideal engagement: Launch, clarify, reposition, redesign, explain, prototype",Engagement model,"The best use of me is not isolated decoration. Use me when a product needs to become clearer, more credible and more usable: launch strategy, repositioning, UX redesign, narrative architecture, documentation, pitch materials or AI-native prototype work.",,,,"Architect, Builder and Communicator — one senior operator connecting the system.",,,,,,,,,,Product Strategy|AI-native Product Creation|Brand Strategy|Content & Narrative|CTA|AI-Native|Brand System|Narrative,Imported from main DS 2026 row 125; case-study rows adapted to Trust Wallet DS card templates.
100,not-a-narrow-pixel-pusher-a-senior-operator-who-connects-the-dots,show,ds,practical-fit-for-tech-fintech-and-web3-decision-makers,"Practical Fit for Tech, Fintech & Web3 Decision-Makers",8,7,001|047,quote,320,Not a narrow pixel-pusher — a senior operator who connects the dots,,Not a narrow pixel-pusher — a senior operator who connects the dots,,,,Practical-fit principle from my operating model.,,,,,,,,,,Design Leadership & Operating Model|Product Strategy|Brand Strategy|CTA|Leadership|Product UX|Brand System,Imported from main DS 2026 row 126; case-study rows adapted to Trust Wallet DS card templates.
101,book-a-discovery-call-with-me,show,ds,practical-fit-for-tech-fintech-and-web3-decision-makers,"Practical Fit for Tech, Fintech & Web3 Decision-Makers",8,8,,link,320,Book a discovery call with me,,"For project work, fractional support or full-time leadership conversations across Tech, Fintech and Web3.",,,,Start with a focused conversation around the highest-leverage gap.,,Book a discovery call,https://calendly.com/dawidskinder/intro-call,,,,,,,Sales & Client Management|CTA,Imported from main DS 2026 row 127; case-study rows adapted to Trust Wallet DS card templates.
102,challenge-studio-built-and-led-an-award-winning-creative-agency,show,ds,agency-founder-team-leadership-and-delivery-system,"Agency Founder, Team Leadership & Delivery System",13,1,001|003|008|049|051|052|053,text-image-ext,320,CHALLENGE Studio — Built and led an award-winning creative agency,Founder / Creative Director,"I built CHALLENGE Studio into an award-winning brand and product/UX agency, leading design and development teams up to 15 specialists across strategy, identity, websites, UX/UI, digital products and launch materials. This is the operating proof behind my Web3 work: hiring, sales, scoping, delivery, quality control, client trust and commercial judgment under real pressure.",,,,"Agency-founder proof, not only design-craft proof.",ds_cardimage_5.png,,,,,,,,,Design Leadership & Operating Model|Creative Direction & Art Direction|Sales & Client Management|Operations & Finance|Leadership|Commercial Impact|Creative Direction,Imported from main DS 2026 row 080; case-study rows adapted to Trust Wallet DS card templates.
103,squad-leadership-direction-standards-and-quality-without-micromanagement,show,ds,agency-founder-team-leadership-and-delivery-system,"Agency Founder, Team Leadership & Delivery System",13,2,003|005|052|053,text,320,"Squad Leadership — Direction, standards and quality without micromanagement",Team leadership,"My role is to set the direction, raise the quality bar and create the system that lets specialists do their best work. I align designers, developers, writers, founders and stakeholders around clear decisions, critique rituals, ownership, delivery standards and a shared definition of what “good” means.",,,,"Best used when a team needs senior direction, not more noise.",,,,,,,,,,Design Leadership & Operating Model|Creative Direction & Art Direction|Training & Facilitation|Leadership|Creative Direction|Trust UX,Imported from main DS 2026 row 081; case-study rows adapted to Trust Wallet DS card templates.
104,one-man-army-when-needed-leader-of-a-squad-when-it-matters,show,ds,agency-founder-team-leadership-and-delivery-system,"Agency Founder, Team Leadership & Delivery System",13,3,003|047|052,quote,320,"One-Man Army When Needed, Leader of a Squad When It Matters",,,,,"I can carry an early project on my back if needed, but my real superpower is building and leading the system that lets a whole team ship great work consistently.",Operating principle from my playbook.,,,,,,,,,,Design Leadership & Operating Model|Product Strategy|AI-native Product Creation|Leadership|AI-Native|Product UX,Imported from main DS 2026 row 082; case-study rows adapted to Trust Wallet DS card templates.
105,sales-estimation-proposals-contracts-and-client-management,show,ds,agency-founder-team-leadership-and-delivery-system,"Agency Founder, Team Leadership & Delivery System",13,4,008|051|053,text,320,"Sales, Estimation, Proposals, Contracts and Client Management",Commercial operator,"Running CHALLENGE Studio trained me to operate beyond design craft: full sales cycles, project estimation, proposals, contracts, scope control, procurement realities, stakeholder management and client trust. I understand what decision-makers risk when they hire a team, because I have lived on both the creative and business side of that table.",,,,"Useful for founders who need someone with commercial judgment, not only execution skill.",,,,,,,,,,Design Leadership & Operating Model|Sales & Client Management|Operations & Finance|Leadership|Commercial Impact,Imported from main DS 2026 row 083; case-study rows adapted to Trust Wallet DS card templates.
106,budgeting-invoicing-and-cash-flow-reality,show,ds,agency-founder-team-leadership-and-delivery-system,"Agency Founder, Team Leadership & Delivery System",13,5,008|051|053,text,320,"Budgeting, Invoicing and Cash-Flow Reality",Founder reality,"I have dealt with the unglamorous layer of creative work: budgets, invoices, margins, cash-flow timing, delivery risk, cost-benefit trade-offs and project ROI. That experience makes my product and design decisions more grounded: beautiful work still has to survive business reality.",,,,Founder-level financial discipline applied to creative and product work.,,,,,,,,,,Sales & Client Management|Operations & Finance|Leadership|Commercial Impact,Imported from main DS 2026 row 084; case-study rows adapted to Trust Wallet DS card templates.
107,hiring-mentorship-critique-rituals-and-quality-standards,show,ds,agency-founder-team-leadership-and-delivery-system,"Agency Founder, Team Leadership & Delivery System",13,6,003|005|008|052|053,text,320,"Hiring, Mentorship, Critique Rituals and Quality Standards",Design leadership system,"I have built the team operating system around hiring, onboarding, mentorship cadence, design critique, documentation, cross-team consistency and release readiness. The goal is not to control every decision. The goal is to make the standard visible enough that the team can scale without quality collapsing.",,,,How creative quality becomes repeatable instead of accidental.,,,,,,,,,,Design Leadership & Operating Model|Training & Facilitation|Leadership|Creative Direction,Imported from main DS 2026 row 085; case-study rows adapted to Trust Wallet DS card templates.
108,10-years-closing-and-delivering-b2b-creative-engagements,show,ds,agency-founder-team-leadership-and-delivery-system,"Agency Founder, Team Leadership & Delivery System",13,7,003|008|049|051|052|053,metric,320,10+ years closing and delivering B2B creative engagements,Commercial track record,,10+,years closing and delivering B2B creative engagements,,"Proof of sales, scoping, delivery and client-management maturity from running CHALLENGE Studio.",,,,,,,,,,Design Leadership & Operating Model|Sales & Client Management|Operations & Finance|Metric|Leadership|Commercial Impact,Imported from main DS 2026 row 087; case-study rows adapted to Trust Wallet DS card templates.
129,challenge-studio-design-development-team-1,show,ds,agency-founder-team-leadership-and-delivery-system,"Agency Founder, Team Leadership & Delivery System",13,8,001|003|008|049|051|052|053,image,320,,,,,,,CHALLENGE Studio design & development team under my management,ds_challenge_1.png,,,,,,,,,Design Leadership & Operating Model|Leadership|Creative Direction,Added 2026-05-18 from owner-provided CHALLENGE Studio team imagery.
130,challenge-studio-design-development-team-2,show,ds,agency-founder-team-leadership-and-delivery-system,"Agency Founder, Team Leadership & Delivery System",13,9,001|003|008|049|051|052|053,image,320,,,,,,,CHALLENGE Studio design & development team under my management,ds_challenge_2.png,,,,,,,,,Design Leadership & Operating Model|Leadership|Creative Direction,Added 2026-05-18 from owner-provided CHALLENGE Studio team imagery.
131,challenge-studio-design-development-team-3,show,ds,agency-founder-team-leadership-and-delivery-system,"Agency Founder, Team Leadership & Delivery System",13,10,001|003|008|049|051|052|053,image,320,,,,,,,CHALLENGE Studio design & development team under my management,ds_challenge_3.png,,,,,,,,,Design Leadership & Operating Model|Leadership|Creative Direction,Added 2026-05-18 from owner-provided CHALLENGE Studio team imagery.
109,edrone-brand-strategy-that-solved-the-previously-unsolved-logo-problem,show,ds,brand-systems-identity-and-market-positioning,"Brand Systems, Identity & Market Positioning",14,1,002|004|006|050|051,text-image-ext,320,A brand strategy that solves the previously unsolved logo problem and becomes the foundation for building digital tools,edrone,"Creating the brand strategy that will solve the problem of the similarity of the mark in the current edrone logo to the popular ""hamburger"" menu icon while maintaining the assumption of using 3 lines. Designing a key visual that will explain the meaning of the 3 dots and will be the basis for building modern digital tools edrone (new website).",,,,Marketing automation,case_edrone_01.jpg,View source case study,,,,,,,,Brand Strategy|Brand Design|Creative Direction & Art Direction|Case Study|SaaS|Brand System|Creative Direction,Imported from main DS 2026 row 032; case-study rows adapted to Trust Wallet DS card templates.
110,tekniska-strategy-and-digital-tools-that-overcame-a-15m-pln-revenue-barrier,show,ds,brand-systems-identity-and-market-positioning,"Brand Systems, Identity & Market Positioning",14,2,002|004|049|050,text-image-ext,320,Business and brand strategy as well as effective digital tools overcame a 15M PLN revenue barrier,Tekniska,"Tekniska has not been able to overcome the barrier of PLN 15,000,000 in annual revenue in recent years. This was due to the lack of a marketing strategy and chaos in the services offered. The goal was to solve this problem by implementing effective branding and UX/UI strategies.",$4M+,revenue barrier broken,,OT Data Transmission and Cybersecurity,case_tekniska_01.jpg,View source case study,https://www.behance.net/gallery/118430449/TEKNISKA-Strategy-branding-UXUI-design,,,,,,,Product Strategy|Product/UX/UI Design|Brand Strategy|Brand Design|Case Study|Industrial|Brand System|Growth|Commercial Impact,Imported from main DS 2026 row 033; case-study rows adapted to Trust Wallet DS card templates.
111,bluesoft-brand-strategy-and-ux-ui-for-1000-engineers-across-200-technologies,show,ds,brand-systems-identity-and-market-positioning,"Brand Systems, Identity & Market Positioning",14,3,002|004|049|050|051,text-image-ext,320,Brand strategy & UX/UI design for software house with 1000 world-class engineers mastering over 200 technologies,Bluesoft,Solving the logo problem (misleading graphic solution) and building a coherent visual identification for a modern software company implementing digital transformation projects for corporations around the world.,,,,Software House,case_bluesoft_01.jpg,View source case study,https://www.behance.net/gallery/143561411/Bluesoft-Branding-UXUI-design,,,,,,,Product/UX/UI Design|Brand Strategy|Brand Design|Case Study|Tech|SaaS|Brand System|Product UX,Imported from main DS 2026 row 034; case-study rows adapted to Trust Wallet DS card templates.
112,rage-quit-games-rebrand-for-gamedev-employer-branding,show,ds,brand-systems-identity-and-market-positioning,"Brand Systems, Identity & Market Positioning",14,4,002|004|006|050|051,text-image-ext,320,Rebranding in GameDev sector with employer branding in mind,Rage Quit Games,Designing a visual identification that will make current employees increase their loyalty to the brand and potential new employees rush to get hired.,,,,Game Dev,case_ragequitgames_01.jpg,View source case study,https://www.behance.net/gallery/145121033/Rage-Quit-Games-Branding,,,,,,,Brand Strategy|Brand Design|Creative Direction & Art Direction|Case Study|Gaming|Brand System|Creative Direction,Imported from main DS 2026 row 035; case-study rows adapted to Trust Wallet DS card templates.
113,deeper-uab-rebranding-for-outdoor-consumer-technology,show,ds,brand-systems-identity-and-market-positioning,"Brand Systems, Identity & Market Positioning",14,5,002|004|050,text-image-ext,320,New edition of Smart Sonar,Deeper UAB,Creating a brand strategy that delights audiences as much as their innovative gadgets do.,,,,Smart Equipment/gadgets for anglers,case_deeper-rebranding_01.jpg,View source case study,https://www.behance.net/gallery/41007581/Deeper-Rebranding,,,,,,,Brand Strategy|Brand Design|Creative Direction & Art Direction|Case Study|Tech|Brand System|Creative Direction,Imported from main DS 2026 row 036; case-study rows adapted to Trust Wallet DS card templates.
114,riqochet-brand-strategy-for-a-competitive-sports-app-entering-the-usa-market,show,ds,brand-systems-identity-and-market-positioning,"Brand Systems, Identity & Market Positioning",14,6,002|004|050,text-image-ext,320,Brand strategy for a mobile app taking the USA team sports market by storm,Riqochet,Creating a brand that fits both the hot and luxurious Miami vibe as well as the aggressive and ruthless world of modern and trending team sports like Padel or Golf.,,,,Mobile Apps / Sports,case_riqocket_01.jpg,View source case study,https://www.behance.net/gallery/242688191/Riqochet-Brand-strategy,,,,,,,Product Strategy|Brand Strategy|Brand Design|Creative Direction & Art Direction|Case Study|Tech|Brand System|Product UX,Imported from main DS 2026 row 037; case-study rows adapted to Trust Wallet DS card templates.
115,nayan-brand-strategy-for-an-ai-powered-search-engine-backed-by-google,show,ds,brand-systems-identity-and-market-positioning,"Brand Systems, Identity & Market Positioning",14,7,002|004|009|050,text-image-ext,320,Brand strategy for an innovative AI-powered search engine backed up by Google,Nayan,Creating a unified and understandable brand strategy for a product that currently operates locally on the Indian market but has big plans for global expansion,,,,AI Search engines,case_nayan_01.jpg,View source case study,,,,,,,,Product Strategy|AI-native Product Creation|Brand Strategy|Brand Design|Case Study|AI|AI-Native|Brand System,Imported from main DS 2026 row 038; case-study rows adapted to Trust Wallet DS card templates.
116,afriso-rebrand-that-introduced-consistency-and-production-cost-savings,show,ds,brand-systems-identity-and-market-positioning,"Brand Systems, Identity & Market Positioning",14,8,002|004|005|006|050|051,text-image-ext,320,Rebranding that introduces consistency and thus savings in production costs,AFRISO,"Designing a brand strategy and key visual that will introduce visual consistency, which will result in an easier production process of marketing tools and, consequently, lower production costs. Additionally, emphasizing the new, dynamic model in which the organization has been operating in relations with the installation industry for a long time.",,,,Heating and sanitary technology,case_afriso_01.jpg,View source case study,https://www.behance.net/gallery/185330617/AFRISO-Rebranding,,,,,,,Brand Strategy|Brand Design|Operations & Finance|Case Study|Industrial|Brand System|Commercial Impact,Imported from main DS 2026 row 039; case-study rows adapted to Trust Wallet DS card templates.
117,lett-by-nrep-brand-strategy-for-a-nordic-private-equity-housing-platform,show,ds,brand-systems-identity-and-market-positioning,"Brand Systems, Identity & Market Positioning",14,9,002|004|050,text-image-ext,320,Brand strategy for Lett - Rental apartments platform introduced by a leading Nordic private equity real estate firm,NREP,"Creation of a brand strategy (from naming, positioning and messaging to the logo and key visual) for a new rental apartments platform that will be a combination of Scandinavian solidity and Polish hospitality. Introducing a brand to the Polish market that in terms of its image, also exudes freedom, safety and simplicity of service.",,,,Real Estate,case_lett_01.jpg,View source case study,https://www.behance.net/gallery/185088569/Lett-You-are-at-home-Branding,,,,,,,Brand Strategy|Brand Design|Content & Narrative|Case Study|Real Estate|Brand System|Narrative,Imported from main DS 2026 row 040; case-study rows adapted to Trust Wallet DS card templates.
118,skullhead-by-pitbull-brand-strategy-and-product-design-against-the-odds,show,ds,brand-systems-identity-and-market-positioning,"Brand Systems, Identity & Market Positioning",14,10,002|004|050,text-image-ext,320,Skullhead - Brand strategy and product design for new emerging fashion brand. Against the odds.,PITBULL sp. z o.o.,"Creating a unique fashion brand in terms of character, mission, products and target group (corporate rebels). Implementing modern e-commerce with a twist.",,,,E-commerce,case_skullhead_01.jpg,View source case study,https://www.behance.net/gallery/116545855/Skullhead-Branding-UXUI-design,,,,,,,Brand Strategy|Brand Design|Creative Direction & Art Direction|Case Study|E-Commerce|Brand System|Creative Direction,Imported from main DS 2026 row 041; case-study rows adapted to Trust Wallet DS card templates.
119,reshape-brand-strategy-and-product-design-case-study,show,ds,brand-systems-identity-and-market-positioning,"Brand Systems, Identity & Market Positioning",14,11,002|004|050,text-image-ext,320,Brand strategy for award-winning unique sports center build in a place with extraordinary history,Multus,"Designing the image, countless marketing tools and a website for a new investment in the heart of Silesia - a sports center on a scale unseen in Poland, with a soul and a modern architecture.",,,,Gym / Health,case_reshape_01.jpg,View source case study,https://www.behance.net/gallery/92980705/ReShape-Branding-web-design,,,,,,,Brand Strategy|Brand Design|Creative Direction & Art Direction|Case Study|Brand System|Award|Creative Direction,Imported from main DS 2026 row 042; case-study rows adapted to Trust Wallet DS card templates.
120,brand-as-infrastructure-not-logo-not-cosmetics-but-operating-layer,show,ds,brand-systems-identity-and-market-positioning,"Brand Systems, Identity & Market Positioning",14,12,001|002|005|006|050,quote,320,"Brand as Infrastructure — Not logo, not cosmetics, but operating layer",,"Brand as Infrastructure — Not logo, not cosmetics, but operating layer",,,,,,,,,,,,,,Design Leadership & Operating Model|Brand Strategy|Brand Design|Brand System|Narrative|Leadership,Imported from main DS 2026 row 043; case-study rows adapted to Trust Wallet DS card templates.
121,product-narrative-for-complex-protocols,show,ds,content-narrative-and-technical-communication,"Content, Narrative & Technical Communication",15,1,001|006|007|010|048,text,320,Product Narrative for Complex Protocols,,"I translate protocol mechanics, token logic and complex system behavior into narratives that users, partners, investors and non-technical stakeholders can understand and act on. The work is not just copy; it is the mental model that makes a complex product legible, trustworthy and usable.",,,,"Protocol narrative, messaging architecture and technical translation.",,,,,,,,,,Product Strategy|Brand Strategy|Content & Narrative|Web3|DeFi|Narrative|Technical Communication,Imported from main DS 2026 row 062; case-study rows adapted to Trust Wallet DS card templates.
122,documentation-lead-for-usdyb,show,ds,content-narrative-and-technical-communication,"Content, Narrative & Technical Communication",15,2,010,text-image-ext,320,Documentation Lead for USDyb,Yield-bearing stablecoin,"Core team contributor responsible for full technical documentation and mechanism explanation for USDyb, a decentralised, fully automated yield-bearing stablecoin. The work translated stability logic, yield design and risk management into a clear product narrative for users, partners, investors and due-diligence readers.",,,,"Stablecoin documentation, mechanism explanation and product narrative.",ds_cardimage_10.png,,,,,,,,,Product Strategy|Brand Strategy|Content & Narrative|Stablecoin|DeFi|Technical Communication|Trust UX,Imported from main DS 2026 row 063; case-study rows adapted to Trust Wallet DS card templates.
123,investor-and-partner-decks-mechanism-market-roadmap-and-trust-story,show,ds,content-narrative-and-technical-communication,"Content, Narrative & Technical Communication",15,3,004|006|007|049|050,text-image-ext,320,"Investor and Partner Decks — Mechanism, market, roadmap and trust story",Investor and partner communication,"For USDyb and other Web3 products, I structure investor and partner decks so mechanism, market, roadmap and risk story support each other. The objective is simple: make the product credible enough for serious conversations without reducing it to hype.",,,,"Pitch decks, fundraising narratives and partner-facing materials.",ds_cardimage_13.png,,,,,,,,,Product Strategy|Brand Design|Creative Direction & Art Direction|Content & Narrative|Fintech|Narrative|Brand System|Trust UX,Imported from main DS 2026 row 064; case-study rows adapted to Trust Wallet DS card templates.
124,terra-classic-long-form-analysis-evidence-structured-ecosystem-writing,show,ds,content-narrative-and-technical-communication,"Content, Narrative & Technical Communication",15,4,010,text-image-ext,320,Terra Classic Long-Form Analysis — Evidence-structured ecosystem writing,State of the Chain Report 2022–2026,"Terra Classic Four Years After is a large-scale strategic writing and research project built to assess the real condition of Terra Classic after the May 2022 collapse. It connects protocol health, governance, validators, token economics, builder reality, treasury management, adoption, legal exposure and reputation into one decision-grade communication artifact.",,,,"Evidence-structured ecosystem analysis for investors, builders and community stakeholders.",ds_cardimage_14.png,Check the report,https://www.terra-classic.money,,,,,,,Product Strategy|Content & Narrative|Terra Classic|Report|Narrative|Technical Communication,Imported from main DS 2026 row 065; case-study rows adapted to Trust Wallet DS card templates.
125,website-and-app-copy-governance,show,ds,content-narrative-and-technical-communication,"Content, Narrative & Technical Communication",15,5,002|005|010|048,text,320,Website and App Copy Governance,,"I govern copy across websites, app surfaces, documentation, decks and launch materials so the product uses one clear mental model everywhere. This includes messaging frameworks, UX microcopy, onboarding explanations, risk states, CTAs and style rules that help teams ship coherent communication instead of fragmented copy.",,,,"Website copy, app copy, UX writing and style-guide discipline.",,,,,,,,,,Product/UX/UI Design|Brand Strategy|Content & Narrative|Narrative|Product UX|Brand System,Imported from main DS 2026 row 066; case-study rows adapted to Trust Wallet DS card templates.
126,launch-ready-copy-across-web-decks-docs-social-and-x-spaces,show,ds,content-narrative-and-technical-communication,"Content, Narrative & Technical Communication",15,6,004|006,text,320,"Launch-Ready Copy Across Web, Decks, Docs, Social and X Spaces",,"I turn product strategy into launch-ready communication across landing pages, documentation, blogs, emails, social scripts, decks and X Spaces. I partner with product, growth and DevRel so every channel explains the same product promise and moves the audience toward action.",,,,From product message to launch assets across channels.,,,,,,,,,,Content & Narrative|Sales & Client Management|Public Speaking & Networking|Narrative|Public Presence|Technical Communication,Imported from main DS 2026 row 067; case-study rows adapted to Trust Wallet DS card templates.
127,from-technical-complexity-to-language-serious-people-can-use,show,ds,content-narrative-and-technical-communication,"Content, Narrative & Technical Communication",15,7,007|010,quote,320,From technical complexity to language serious people can use,,,,,"I do not only design interfaces; I design the explanation layer around complex products — the language, structure and evidence that help serious people understand what is true, what matters and what should happen next.",Content & Narrative principle,,,,,,,,,,Product Strategy|Content & Narrative|Training & Facilitation|Narrative|Technical Communication|Trust UX,Imported from main DS 2026 row 068; case-study rows adapted to Trust Wallet DS card templates.
128,narrative-system-not-random-content,show,ds,content-narrative-and-technical-communication,"Content, Narrative & Technical Communication",15,8,001|002|005|007|010,text,320,"Narrative System, Not Random Content",,"Strong Web3 communication is a system: positioning, terminology, proof hierarchy, editorial cadence, UX copy and public narrative. I build that system so founders, product teams and growth teams stop improvising and start repeating a message that can compound.",,,,"Messaging framework, editorial system and narrative governance.",,,,,,,,,,Design Leadership & Operating Model|Brand Strategy|Content & Narrative|Narrative|Brand System|Leadership,Imported from main DS 2026 row 069; case-study rows adapted to Trust Wallet DS card templates.
